Rank,Developer,Total Followers,Website,Instagram Link (Followers),YouTube Link (Followers),Facebook Link (Followers),X/Twitter Link (Followers),LinkedIn Link (Followers),TikTok Link (Followers),Threads Link (Followers)
1,Emaar ⭐,3384600,https://www.emaar.com/,"https://www.instagram.com/emaardubai/ (838K)","https://www.youtube.com/@EmaarDubai (77K)","https://www.facebook.com/emaardubai/ (799K)","https://x.com/emaardubai (175.6K)","https://www.linkedin.com/company/emaar-properties/ (1.495M)",,
2,Damac ⭐,2320700,https://promotions.damacproperties.com/,"https://www.instagram.com/damacofficial/ (326K)","https://www.youtube.com/@DAMACOFFICIAL (23.1K)","https://www.facebook.com/DAMACPropertiesOfficial (937K)","https://x.com/DAMACOfficial (34.6K)","https://www.linkedin.com/company/damac-properties/ (1M)",,
3,Azizi ⭐,1190200,https://www.azizidevelopments.com/,"https://www.instagram.com/azizigroup/ (130K)","https://www.youtube.com/channel/UCmUtuRMwJxaovjGBNSXx-Jw (8.7K)","https://www.facebook.com/AziziGroup/ (586K)","https://x.com/azizigroup (10.5K)","https://www.linkedin.com/company/azizi-developments/ (395K)",,
4,Aldar Properties,713800,https://www.aldar.com/,"https://www.instagram.com/aldarproperties/ (178K)","https://www.youtube.com/@AldarProperties (45.2K)","https://www.facebook.com/aldarproperties (156K)","https://twitter.com/AldarTweets (89.6K)","https://www.linkedin.com/company/aldar-properties (245K)",,
5,Sobha ⭐,606892,https://www.sobharealty.com/,"https://www.instagram.com/sobharealty/ (146K)","https://www.youtube.com/channel/UCKIR9isiNyYq1T0GSnIUyHQ (10.7K)","https://www.facebook.com/SobhaRealty/ (167K)","https://x.com/SobhaRealtyDXB (1.2K)","https://www.linkedin.com/company/sobharealty/ (259K)","https://www.tiktok.com/@sobharealty (3.492K)","https://threads.net/@sobharealty (19.2K)"
6,Meraas,459800,https://meraas.com/en,"https://www.instagram.com/meraasdubai/ (169K)","https://www.youtube.com/@MeraasDubai (27.7K)","https://www.facebook.com/MeraasDubai/ (66K)","https://x.com/MeraasDubai (5.346K)","https://www.linkedin.com/company/meraas/ (192K)",,
7,Dubai Properties,1320300,https://www.dp.ae/,"https://www.instagram.com/dubaiproperties/ (111K)","https://www.youtube.com/channel/UCyRCpy5m9fALMbtgJbyA_Zw (24.2K)","https://www.facebook.com/DubaiProperties/ (793K)","https://x.com/dubaiproperties (100.1K)","https://www.linkedin.com/company/dpuae/ (292K)",,
8,Nakheel,602171,https://www.nakheel.com/,"https://www.instagram.com/nakheelofficial/ (116K)",,"https://www.facebook.com/NakheelOfficial/ (25K)","https://x.com/NakheelOfficial (1.171K)","https://www.linkedin.com/company/nakheelofficial/ (460K)",,
9,Ellington ⭐,391000,https://ellingtonproperties.fr/,"https://www.instagram.com/ellingtondubai/ (75.7K)","https://www.youtube.com/channel/UCqep6YzgElWmlD-D9DpLwKg (3.2K)","https://www.facebook.com/ellingtondubai/ (108K)","https://x.com/ellingtondubai/ (926K)","https://www.linkedin.com/company/ellingtondubai/ (104K)",,
10,Kleindienst ⭐,110000,https://www.kleindienst.ae/,,,,,"https://www.linkedin.com/company/kleindienst/ (110K)",,
11,Omniyat,72652,https://www.omniyat.com/,"https://www.instagram.com/omniyatofficial/ (40.4K)","https://www.youtube.com/channel/UCZvDnJo6wz5WUm1K8PcUfKw (1.53K)","https://www.facebook.com/ (28K)","https://x.com/ (2.722K)",,,,
12,Imtiyaz,157300,https://imtiaz.ae/,"https://www.instagram.com/imtiazdevelopments/ (68.8K)","https://www.youtube.com/@imtiazdevelopments (12K)","https://www.facebook.com/imtiazdevelopments/ (15K)",,"https://www.linkedin.com/company/imtiaz-developments/ (33K)","https://www.tiktok.com/@imtiazdevelopmentsuae (28.5K)",
13,North43 ⭐,0,https://north43developers.com/,,,,,,,,
14,Condor ⭐,653,https://condormarinastar.com/,"https://www.instagram.com/condormarinastar/ (379)",,"https://www.facebook.com/CondorMarinaStar/ (220)","https://x.com/condor_marina (5)","https://www.linkedin.com/company/condor-marina-star/ (49)",,
15,Liv ⭐,7980,https://lm.livuae.com/,"https://www.instagram.com/livdevelopers/ (6414)","https://www.youtube.com/channel/UCo3z_exDpQC4y_LXawynDUg (266)","https://www.facebook.com/livdevelopers/ (1.3K)",,,,
16,Mag Eye ⭐,0,http://mageye.ae/,,,,,,,,
17,Select Group,143095,https://www.select-group.ae/,"https://www.instagram.com/selectgroupuae/ (26.2K)","https://www.youtube.com/channel/UCcBnjXUk8-SYN8n2QVx1KWA (795)","https://www.facebook.com/selectgroupuae (34K)","https://x.com/selectgroupuae (101)","https://www.linkedin.com/company/dubai-select-llc/ (82K)",,
18,Deyaar,234881,https://www.deyaar.ae/,"https://www.instagram.com/deyaarofficial/ (41.9K)","https://www.youtube.com/user/deyaarofficial (981)","https://www.facebook.com/DeyaarOfficial (104K)",,"https://www.linkedin.com/company/deyaar-development-pjsc/ (88K)",,
19,Eagle Hills,137200,https://eaglehills.com/,"https://www.instagram.com/eaglehillsuae/ (35.4K)","https://www.youtube.com/@EagleHillsUAE (2.8K)","https://www.facebook.com/EagleHillsUAE/ (35.5K)","https://twitter.com/eaglehillsuae (15.2K)","https://www.linkedin.com/company/eagle-hills (48.3K)",,
20,Arada,270700,https://www.arada.com/,"https://www.instagram.com/aradaofficial/ (89.7K)","https://www.youtube.com/@AradaOfficial (11.2K)","https://www.facebook.com/AradaOfficial (56.3K)","https://twitter.com/AradaOfficial (25.8K)","https://www.linkedin.com/company/arada (87.7K)",,
21,Al Habtoor Group,117800,https://www.alhabtoorrealestate.com/,"https://www.instagram.com/alhabtoorgroup/ (44.3K)","https://www.youtube.com/@AlHabtoorGroup (15.2K)","https://www.facebook.com/HabtoorGroup (29K)","https://twitter.com/AlHabtoorGroup (22.1K)","https://www.linkedin.com/company/al-habtoor-meera (7.2K)",,
22,IGO,65600,https://igodubai.com/,"https://www.instagram.com/igodubai/ (18.7K)","https://www.youtube.com/@IGODubai (2.1K)","https://www.facebook.com/IGODubai (12.4K)","https://twitter.com/IGODubai (5.6K)","https://www.linkedin.com/company/igo-dubai (26.8K)",,
23,RAK Properties,103200,https://www.rakproperties.ae/,"https://www.instagram.com/rakproperties/ (25.1K)","https://www.youtube.com/@RAKProperties (5.8K)","https://www.facebook.com/RAKProperties (18K)","https://twitter.com/RAKProperties (12.3K)","https://www.linkedin.com/company/rak-properties (42K)",,
24,Bloom Holding,203500,https://www.bloomholding.com/,"https://www.instagram.com/bloom.holding/ (45.2K)","https://www.youtube.com/@BloomHolding (8.9K)","https://www.facebook.com/BloomProperties (38K)","https://twitter.com/BloomHolding (22.4K)","https://www.linkedin.com/company/bloom-properties (89K)",,
25,Alef Group,134700,https://www.alefgroup.ae/,"https://www.instagram.com/alefgroup/ (52.3K)","https://www.youtube.com/@AlefGroup (7.2K)","https://www.facebook.com/AlefGroup (31K)","https://twitter.com/AlefGroup (15.8K)","https://www.linkedin.com/company/alef-group (28.4K)",,