Rank,Developer,Total Followers,Website,Instagram Followers,Instagram Link,YouTube Followers,YouTube Link,Facebook Followers,Facebook Link,X/Twitter Followers,X/Twitter Link,LinkedIn Followers,LinkedIn Link,TikTok Followers,TikTok Link,Threads Followers,Threads Link
1,Emaar ⭐,3384600,https://www.emaar.com/,838K,https://www.instagram.com/emaardubai/,77K,https://www.youtube.com/@EmaarDubai,799K,https://www.facebook.com/emaardubai/,175.6K,https://x.com/emaardubai,1.495M,https://www.linkedin.com/company/emaar-properties/,,,
2,Damac ⭐,2320700,https://promotions.damacproperties.com/,326K,https://www.instagram.com/damacofficial/,23.1K,https://www.youtube.com/@DAMACOFFICIAL,937K,https://www.facebook.com/DAMACPropertiesOfficial,34.6K,https://x.com/DAMACOfficial,1M,https://www.linkedin.com/company/damac-properties/,,,
3,Dubai Properties,1320300,https://www.dp.ae/,111K,https://www.instagram.com/dubaiproperties/,24.2K,https://www.youtube.com/channel/UCyRCpy5m9fALMbtgJbyA_Zw,793K,https://www.facebook.com/DubaiProperties/,100.1K,https://x.com/dubaiproperties,292K,https://www.linkedin.com/company/dpuae/,,,
4,Azizi ⭐,1130200,https://www.azizidevelopments.com/,130K,https://www.instagram.com/azizigroup/,8.7K,https://www.youtube.com/channel/UCmUtuRMwJxaovjGBNSXx-Jw,586K,https://www.facebook.com/AziziGroup/,10.5K,https://x.com/azizigroup,395K,https://www.linkedin.com/company/azizi-developments/,,,
5,Aldar Properties,713800,https://www.aldar.com/,178K,https://www.instagram.com/aldarproperties/,45.2K,https://www.youtube.com/@AldarProperties,156K,https://www.facebook.com/aldarproperties,89.6K,https://twitter.com/AldarTweets,245K,https://www.linkedin.com/company/aldar-properties,,,
6,Sobha ⭐,606892,https://www.sobharealty.com/,146K,https://www.instagram.com/sobharealty/,10.7K,https://www.youtube.com/channel/UCKIR9isiNyYq1T0GSnIUyHQ,167K,https://www.facebook.com/SobhaRealty/,1.2K,https://x.com/SobhaRealtyDXB,259K,https://www.linkedin.com/company/sobharealty/,3.492K,https://www.tiktok.com/@sobharealty,19.2K,https://threads.net/@sobharealty
7,Nakheel,602171,https://www.nakheel.com/,116K,https://www.instagram.com/nakheelofficial/,0,,25K,https://www.facebook.com/NakheelOfficial/,1.171K,https://x.com/NakheelOfficial,460K,https://www.linkedin.com/company/nakheelofficial/,,,
8,Meraas,459800,https://meraas.com/en,169K,https://www.instagram.com/meraasdubai/,27.7K,https://www.youtube.com/@MeraasDubai,66K,https://www.facebook.com/MeraasDubai/,5.346K,https://x.com/MeraasDubai,192K,https://www.linkedin.com/company/meraas/,,,
9,Ellington ⭐,391000,https://ellingtonproperties.fr/,75.7K,https://www.instagram.com/ellingtondubai/,3.2K,https://www.youtube.com/channel/UCqep6YzgElWmlD-D9DpLwKg,108K,https://www.facebook.com/ellingtondubai/,926K,https://x.com/ellingtondubai/,104K,https://www.linkedin.com/company/ellingtondubai/,,,
10,Arada,270700,https://www.arada.com/,89.7K,https://www.instagram.com/aradaofficial/,11.2K,https://www.youtube.com/@AradaOfficial,56.3K,https://www.facebook.com/AradaOfficial,25.8K,https://twitter.com/AradaOfficial,87.7K,https://www.linkedin.com/company/arada,,,
11,Deyaar,234881,https://www.deyaar.ae/,41.9K,https://www.instagram.com/deyaarofficial/,981,https://www.youtube.com/user/deyaarofficial,104K,https://www.facebook.com/DeyaarOfficial,0,,88K,https://www.linkedin.com/company/deyaar-development-pjsc/,,,
12,Bloom Holding,203500,https://www.bloomholding.com/,45.2K,https://www.instagram.com/bloom.holding/,8.9K,https://www.youtube.com/@BloomHolding,38K,https://www.facebook.com/BloomProperties,22.4K,https://twitter.com/BloomHolding,89K,https://www.linkedin.com/company/bloom-properties,,,
13,Imtiyaz,157300,https://imtiaz.ae/,68.8K,https://www.instagram.com/imtiazdevelopments/,12K,https://www.youtube.com/@imtiazdevelopments,15K,https://www.facebook.com/imtiazdevelopments/,0,,33K,https://www.linkedin.com/company/imtiaz-developments/,28.5K,https://www.tiktok.com/@imtiazdevelopmentsuae,
14,Select Group,143095,https://www.select-group.ae/,26.2K,https://www.instagram.com/selectgroupuae/,795,https://www.youtube.com/channel/UCcBnjXUk8-SYN8n2QVx1KWA,34K,https://www.facebook.com/selectgroupuae,101,https://x.com/selectgroupuae,82K,https://www.linkedin.com/company/dubai-select-llc/,,,
15,Alef Group,134700,https://www.alefgroup.ae/,52.3K,https://www.instagram.com/alefgroup/,7.2K,https://www.youtube.com/@AlefGroup,31K,https://www.facebook.com/AlefGroup,15.8K,https://twitter.com/AlefGroup,28.4K,https://www.linkedin.com/company/alef-group,,,
16,Eagle Hills,137200,https://eaglehills.com/,35.4K,https://www.instagram.com/eaglehillsuae/,2.8K,https://www.youtube.com/@EagleHillsUAE,35.5K,https://www.facebook.com/EagleHillsUAE/,15.2K,https://twitter.com/eaglehillsuae,48.3K,https://www.linkedin.com/company/eagle-hills,,,
17,Al Habtoor Group,117800,https://www.alhabtoorrealestate.com/,44.3K,https://www.instagram.com/alhabtoorgroup/,15.2K,https://www.youtube.com/@AlHabtoorGroup,29K,https://www.facebook.com/HabtoorGroup,22.1K,https://twitter.com/AlHabtoorGroup,7.2K,https://www.linkedin.com/company/al-habtoor-meera,,,
18,Kleindienst ⭐,110000,https://www.kleindienst.ae/,0,,0,,0,,0,,110K,https://www.linkedin.com/company/kleindienst/,,,
19,RAK Properties,103200,https://www.rakproperties.ae/,25.1K,https://www.instagram.com/rakproperties/,5.8K,https://www.youtube.com/@RAKProperties,18K,https://www.facebook.com/RAKProperties,12.3K,https://twitter.com/RAKProperties,42K,https://www.linkedin.com/company/rak-properties,,,
20,Omniyat,72652,https://www.omniyat.com/,40.4K,https://www.instagram.com/omniyatofficial/,1.53K,https://www.youtube.com/channel/UCZvDnJo6wz5WUm1K8PcUfKw,28K,https://www.facebook.com/,2.722K,https://x.com/,0,,,,
21,IGO,65600,https://igodubai.com/,18.7K,https://www.instagram.com/igodubai/,2.1K,https://www.youtube.com/@IGODubai,12.4K,https://www.facebook.com/IGODubai,5.6K,https://twitter.com/IGODubai,26.8K,https://www.linkedin.com/company/igo-dubai,,,
22,Liv ⭐,7980,https://lm.livuae.com/,6414,https://www.instagram.com/livdevelopers/,266,https://www.youtube.com/channel/UCo3z_exDpQC4y_LXawynDUg,1.3K,https://www.facebook.com/livdevelopers/,0,,0,,,,
23,Condor ⭐,653,https://condormarinastar.com/,379,https://www.instagram.com/condormarinastar/,0,,220,https://www.facebook.com/CondorMarinaStar/,5,https://x.com/condor_marina,49,https://www.linkedin.com/company/condor-marina-star/,,,
24,North43 ⭐,0,https://north43developers.com/,0,,0,,0,,0,,0,,,,
25,Mag Eye ⭐,0,http://mageye.ae/,0,,0,,0,,0,,0,,,,